chip_index,temp_mean,temp_std,gas_flow,deposition,doping,etching,cooling_rate,wafer_x,wafer_y,layer_var,die_rot,vibration,pressure_var,tool_wear,shift_id,operator_id,time_since_maint,img_lat1,img_lat2,img_lat3,defect_count,texture_score,cnn_defect_score,prob_defect,gt_label
42,900.7683,4.1096253,18.769865,11.505419,0.79665226,35.980198,2.4348092,7.275744,1.3768151,0.27905765,72.51215,0.054862272,4.5874977,0.7318841,1.0,6.0,14.8159895,-0.8122234,0.5330388,-0.20623422,0.0,0.60021627,0.000250082,0.07339329,OK
38,900.748,5.11449,14.272111,11.840131,0.8118714,30.633865,2.9522688,-3.3814192,33.084206,0.17176968,19.28809,0.090282194,5.003473,1.0524958,3.0,5.0,48.272034,-0.08451495,-0.03050036,0.8858441,0.0,0.6555418,0.0004820923,0.067786194,OK
46,900.0899,5.603596,19.916245,12.160146,0.7829151,32.091824,1.761683,-45.32789,44.569595,0.23930012,221.06572,0.08496962,4.086531,0.98328424,3.0,5.0,73.94315,-1.5801152,0.5855656,-0.07018978,0.0,0.06310093,0.95539814,0.067583576,DEFECT
94,871.19006,3.947522,19.532831,12.531891,0.76932776,38.12088,0.9822897,27.689943,-46.05983,0.19155315,56.04145,0.09856715,5.0856295,1.3902935,3.0,1.0,26.390244,-1.1631405,-0.3648494,-0.74574673,0.0,0.16287269,0.8086842,0.06537567,DEFECT
19,887.2502,4.0719895,20.90012,11.266827,0.8629047,30.455284,2.470668,17.496624,40.980988,0.16801809,137.1377,0.07390667,4.792373,1.099898,1.0,4.0,75.34738,0.56359804,0.8580908,0.4814565,0.0,0.8850155,0.48704827,0.05254606,DEFECT
